{"fonts/IRANSansNum.ttf":["fonts/IRANSansNum.ttf"],"fonts/IranGardIcons.ttf":["fonts/IranGardIcons.ttf"],"images/ad_1.jpg":["images/ad_1.jpg"],"images/ad_2.png":["images/ad_2.png"],"images/chalkandi_1.jpg":["images/chalkandi_1.jpg"],"images/chalkandi_2.jpg":["images/chalkandi_2.jpg"],"images/chalkandi_3.jpg":["images/chalkandi_3.jpg"],"images/circle_off.png":["images/circle_off.png"],"images/circle_on.png":["images/circle_on.png"],"images/defImage.png":["images/defImage.png"],"images/dezful_tourism.jpg":["images/dezful_tourism.jpg"],"images/find_by_location.png":["images/find_by_location.png"],"images/find_on_map.jpg":["images/find_on_map.jpg"],"images/gallery.png":["images/gallery.png"],"images/iran_tours.jpg":["images/iran_tours.jpg"],"images/is_online.png":["images/is_online.png"],"images/loot_1.jpg":["images/loot_1.jpg"],"images/loot_2.jpg":["images/loot_2.jpg"],"images/no_image_user.png":["images/no_image_user.png"],"images/shahyoun_1.jpg":["images/shahyoun_1.jpg"],"images/shahyoun_2.jpg":["images/shahyoun_2.jpg"],"images/shahyoun_3.jpg":["images/shahyoun_3.jpg"],"images/shevi_1.jpeg":["images/shevi_1.jpeg"],"images/shevi_2.jpeg":["images/shevi_2.jpeg"],"images/shevi_3.jpg":["images/shevi_3.jpg"],"images/shevi_4.jpeg":["images/shevi_4.jpeg"],"images/users/user_1":["images/users/user_1"],"images/users/user_2":["images/users/user_2"],"images/users/user_3":["images/users/user_3"],"images/users/user_4":["images/users/user_4"],"packages/cupertino_icons/assets/CupertinoIcons.ttf":["packages/cupertino_icons/assets/CupertinoIcons.ttf"]}